category,badge_name,age_group,badge_tier,metric_code,threshold,threshold type,file_name,file_type
,,,,,,,,
general,first_session,youth,standard,general_first_session_youth_standard,1,session_count,general_first_session_youth_standard.png,png
general,10_sessions,youth,standard,general_10_sessions_youth_standard,10,session_count,general_10_sessions_youth_standard.png,png
general,20_sessions,youth,standard,general_20_sessions_youth_standard,20,session_count,general_20_sessions_youth_standard.png,png
general,50_sessions,youth,standard,general_50_sessions_youth_standard,50,session_count,general_50_sessions_youth_standard.png,png
general,100_sessions,youth,standard,general_100_sessions_youth_standard,100,session_count,general_100_sessions_youth_standard.png,png
general,200_sessions,youth,standard,general_200_sessions_youth_standard,200,session_count,general_200_sessions_youth_standard.png,png
general,500_sessions,youth,standard,general_500_sessions_youth_standard,500,session_count,general_500_sessions_youth_standard.png,png
,,,,,,,,
general,first_session,all_star,standard,general_first_session_all_star_standard,1,session_count,general_first_session_all_star_standard.png,png
general,10_sessions,all_star,standard,general_10_sessions_all_star_standard,10,session_count,general_10_sessions_all_star_standard.png,png
general,20_sessions,all_star,standard,general_20_sessions_all_star_standard,20,session_count,general_20_sessions_all_star_standard.png,png
general,50_sessions,all_star,standard,general_50_sessions_all_star_standard,50,session_count,general_50_sessions_all_star_standard.png,png
general,100_sessions,all_star,standard,general_100_sessions_all_star_standard,100,session_count,general_100_sessions_all_star_standard.png,png
general,200_sessions,all_star,standard,general_200_sessions_all_star_standard,200,session_count,general_200_sessions_all_star_standard.png,png
general,500_sessions,all_star,standard,general_500_sessions_all_star_standard,500,session_count,general_500_sessions_all_star_standard.png,png
,,,,,,,,
general,first_session,pro,standard,general_first_session_pro_standard,1,session_count,general_first_session_pro_standard.png,png
general,10_sessions,pro,standard,general_10_sessions_pro_standard,10,session_count,general_10_sessions_pro_standard.png,png
general,20_sessions,pro,standard,general_20_sessions_pro_standard,20,session_count,general_20_sessions_pro_standard.png,png
general,50_sessions,pro,standard,general_50_sessions_pro_standard,50,session_count,general_50_sessions_pro_standard.png,png
general,100_sessions,pro,standard,general_100_sessions_pro_standard,100,session_count,general_100_sessions_pro_standard.png,png
general,200_sessions,pro,standard,general_200_sessions_pro_standard,200,session_count,general_200_sessions_pro_standard.png,png
general,500_sessions,pro,standard,general_500_sessions_pro_standard,500,session_count,general_500_sessions_pro_standard.png,png
,,,,,,,,
general,first_session,softball,standard,general_first_session_softball_standard,1,session_count,general_first_session_softball_standard.png,png
general,10_sessions,softball,standard,general_10_sessions_softball_standard,10,session_count,general_10_sessions_softball_standard.png,png
general,20_sessions,softball,standard,general_20_sessions_softball_standard,20,session_count,general_20_sessions_softball_standard.png,png
general,50_sessions,softball,standard,general_50_sessions_softball_standard,50,session_count,general_50_sessions_softball_standard.png,png
general,100_sessions,softball,standard,general_100_sessions_softball_standard,100,session_count,general_100_sessions_softball_standard.png,png
general,200_sessions,softball,standard,general_200_sessions_softball_standard,200,session_count,general_200_sessions_softball_standard.png,png
general,500_sessions,softball,standard,general_500_sessions_softball_standard,500,session_count,general_500_sessions_softball_standard.png,png
,,,,,,,,
overspeed,ramp_up,youth,bronze,overspeed_ramp_up_youth_bronze,ramp_up_1_complete,overspeed_cycle,overspeed_ramp_up_youth_bronze.png,png
overspeed,primary,youth,bronze,overspeed_primary_youth_bronze,primary_1_complete,overspeed_cycle,overspeed_primary_youth_bronze.png,png
overspeed,maintenance,youth,bronze,overspeed_maintenance_youth_bronze,maintenance_1_complete,overspeed_cycle,overspeed_maintenance_youth_bronze.png,png
overspeed,ramp_up,youth,silver,overspeed_ramp_up_youth_silver,ramp_up_2_complete,overspeed_cycle,overspeed_ramp_up_youth_silver.png,png
overspeed,primary,youth,silver,overspeed_primary_youth_silver,primary_2_complete,overspeed_cycle,overspeed_primary_youth_silver.png,png
overspeed,maintenance,youth,silver,overspeed_maintenance_youth_silver,maintenance_2_complete,overspeed_cycle,overspeed_maintenance_youth_silver.png,png
overspeed,ramp_up,youth,gold ,overspeed_ramp_up_youth_gold ,ramp_up_3_complete,overspeed_cycle,overspeed_ramp_up_youth_gold .png,png
overspeed,primary,youth,gold ,overspeed_primary_youth_gold ,primary_3_complete,overspeed_cycle,overspeed_primary_youth_gold .png,png
overspeed,maintenance,youth,gold ,overspeed_maintenance_youth_gold ,maintenance_3_complete,overspeed_cycle,overspeed_maintenance_youth_gold .png,png
,,,,,,,,
overspeed,ramp_up,all_star,bronze,overspeed_ramp_up_all_star_bronze,ramp_up_1_complete,overspeed_cycle,overspeed_ramp_up_all_star_bronze.png,png
overspeed,primary,all_star,bronze,overspeed_primary_all_star_bronze,primary_1_complete,overspeed_cycle,overspeed_primary_all_star_bronze.png,png
overspeed,maintenance,all_star,bronze,overspeed_maintenance_all_star_bronze,maintenance_1_complete,overspeed_cycle,overspeed_maintenance_all_star_bronze.png,png
overspeed,ramp_up,all_star,silver,overspeed_ramp_up_all_star_silver,ramp_up_2_complete,overspeed_cycle,overspeed_ramp_up_all_star_silver.png,png
overspeed,primary,all_star,silver,overspeed_primary_all_star_silver,primary_2_complete,overspeed_cycle,overspeed_primary_all_star_silver.png,png
overspeed,maintenance,all_star,silver,overspeed_maintenance_all_star_silver,maintenance_2_complete,overspeed_cycle,overspeed_maintenance_all_star_silver.png,png
overspeed,ramp_up,all_star,gold,overspeed_ramp_up_all_star_gold,ramp_up_3_complete,overspeed_cycle,overspeed_ramp_up_all_star_gold.png,png
overspeed,primary,all_star,gold,overspeed_primary_all_star_gold,primary_3_complete,overspeed_cycle,overspeed_primary_all_star_gold.png,png
overspeed,maintenance,all_star,gold,overspeed_maintenance_all_star_gold,maintenance_3_complete,overspeed_cycle,overspeed_maintenance_all_star_gold.png,png
,,,,,,,,
overspeed,ramp_up,pro,bronze,overspeed_ramp_up_pro_bronze,ramp_up_1_complete,overspeed_cycle,overspeed_ramp_up_pro_bronze.png,png
overspeed,primary,pro,bronze,overspeed_primary_pro_bronze,primary_1_complete,overspeed_cycle,overspeed_primary_pro_bronze.png,png
overspeed,maintenance,pro,bronze,overspeed_maintenance_pro_bronze,maintenance_1_complete,overspeed_cycle,overspeed_maintenance_pro_bronze.png,png
overspeed,ramp_up,pro,silver,overspeed_ramp_up_pro_silver,ramp_up_2_complete,overspeed_cycle,overspeed_ramp_up_pro_silver.png,png
overspeed,primary,pro,silver,overspeed_primary_pro_silver,primary_2_complete,overspeed_cycle,overspeed_primary_pro_silver.png,png
overspeed,maintenance,pro,silver,overspeed_maintenance_pro_silver,maintenance_2_complete,overspeed_cycle,overspeed_maintenance_pro_silver.png,png
overspeed,ramp_up,pro,gold,overspeed_ramp_up_pro_gold,ramp_up_3_complete,overspeed_cycle,overspeed_ramp_up_pro_gold.png,png
overspeed,primary,pro,gold,overspeed_primary_pro_gold,primary_3_complete,overspeed_cycle,overspeed_primary_pro_gold.png,png
overspeed,maintenance,pro,gold,overspeed_maintenance_pro_gold,maintenance_3_complete,overspeed_cycle,overspeed_maintenance_pro_gold.png,png
,,,,,,,,
overspeed,ramp_up,softball,bronze,overspeed_ramp_up_softball_bronze,ramp_up_1_complete,overspeed_cycle,overspeed_ramp_up_softball_bronze.png,png
overspeed,primary,softball,bronze,overspeed_primary_softball_bronze,primary_1_complete,overspeed_cycle,overspeed_primary_softball_bronze.png,png
overspeed,maintenance,softball,bronze,overspeed_maintenance_softball_bronze,maintenance_1_complete,overspeed_cycle,overspeed_maintenance_softball_bronze.png,png
overspeed,ramp_up,softball,silver,overspeed_ramp_up_softball_silver,ramp_up_2_complete,overspeed_cycle,overspeed_ramp_up_softball_silver.png,png
overspeed,primary,softball,silver,overspeed_primary_softball_silver,primary_2_complete,overspeed_cycle,overspeed_primary_softball_silver.png,png
overspeed,maintenance,softball,silver,overspeed_maintenance_softball_silver,maintenance_2_complete,overspeed_cycle,overspeed_maintenance_softball_silver.png,png
overspeed,ramp_up,softball,gold,overspeed_ramp_up_softball_gold,ramp_up_3_complete,overspeed_cycle,overspeed_ramp_up_softball_gold.png,png
overspeed,primary,softball,gold,overspeed_primary_softball_gold,primary_3_complete,overspeed_cycle,overspeed_primary_softball_gold.png,png
overspeed,maintenance,softball,gold,overspeed_maintenance_softball_gold,maintenance_3_complete,overspeed_cycle,overspeed_maintenance_softball_gold.png,png
,,,,,,,,
counterweight,15_sessions,youth,standard,counterweight_15_sessions_youth_standard,15,counterweight_session_count,counterweight_15_sessions_youth_standard.png,png
counterweight,30_sessions,youth,standard,counterweight_30_sessions_youth_standard,30,counterweight_session_count,counterweight_30_sessions_youth_standard.png,png
,,,,,,,,
counterweight,15_sessions,all_star,standard,counterweight_15_sessions_all_star_standard,15,counterweight_session_count,counterweight_15_sessions_all_star_standard.png,png
counterweight,30_sessions,all_star,standard,counterweight_30_sessions_all_star_standard,3,counterweight_session_count,counterweight_30_sessions_all_star_standard.png,png
,,,,,,,,
counterweight,15_sessions,pro,standard,counterweight_15_sessions_pro_standard,15,counterweight_session_count,counterweight_15_sessions_pro_standard.png,png
counterweight,30_sessions,pro,standard,counterweight_30_sessions_pro_standard,30,counterweight_session_count,counterweight_30_sessions_pro_standard.png,png
,,,,,,,,
counterweight,15_sessions,softball,standard,counterweight_15_sessions_softball_standard,15,counterweight_session_count,counterweight_15_sessions_softball_standard.png,png
counterweight,30_sessions,softball,standard,counterweight_30_sessions_softball_standard,30,counterweight_session_count,counterweight_30_sessions_softball_standard.png,png
,,,,,,,,
mechanics,gf_1_5,youth,bronze,mechanics_gf_1_5_youth_bronze,5,ground_force_1_session_count,mechanics_gf_1_5_youth_bronze.png,png
mechanics,gf_2_5,youth,bronze,mechanics_gf_2_5_youth_bronze,5,ground_force_2_session_count,mechanics_gf_2_5_youth_bronze.png,png
mechanics,gf_3_5,youth,bronze,mechanics_gf_3_5_youth_bronze,5,ground_force_3_session_count,mechanics_gf_3_5_youth_bronze.png,png
mechanics,gf_1_10,youth,silver,mechanics_gf_1_10_youth_silver,10,ground_force_1_session_count,mechanics_gf_1_10_youth_silver.png,png
mechanics,gf_2_10,youth,silver,mechanics_gf_2_10_youth_silver,10,ground_force_2_session_count,mechanics_gf_2_10_youth_silver.png,png
mechanics,gf_3_10,youth,silver,mechanics_gf_3_10_youth_silver,10,ground_force_3_session_count,mechanics_gf_3_10_youth_silver.png,png
mechanics,gf_1_20,youth,gold,mechanics_gf_1_20_youth_gold,20,ground_force_1_session_count,mechanics_gf_1_20_youth_gold.png,png
mechanics,gf_2_20,youth,gold,mechanics_gf_2_20_youth_gold,20,ground_force_2_session_count,mechanics_gf_2_20_youth_gold.png,png
mechanics,gf_3_20,youth,gold,mechanics_gf_3_20_youth_gold,20,ground_force_3_session_count,mechanics_gf_3_20_youth_gold.png,png
,,,,,,,,
mechanics,gf_1_5,all_star,bronze,mechanics_gf_1_5_all_star_bronze,5,ground_force_1_session_count,mechanics_gf_1_5_all_star_bronze.png,png
mechanics,gf_2_5,all_star,bronze,mechanics_gf_2_5_all_star_bronze,5,ground_force_2_session_count,mechanics_gf_2_5_all_star_bronze.png,png
mechanics,gf_3_5,all_star,bronze,mechanics_gf_3_5_all_star_bronze,5,ground_force_3_session_count,mechanics_gf_3_5_all_star_bronze.png,png
mechanics,gf_1_10,all_star,silver,mechanics_gf_1_10_all_star_silver,10,ground_force_1_session_count,mechanics_gf_1_10_all_star_silver.png,png
mechanics,gf_2_10,all_star,silver,mechanics_gf_2_10_all_star_silver,10,ground_force_2_session_count,mechanics_gf_2_10_all_star_silver.png,png
mechanics,gf_3_10,all_star,silver,mechanics_gf_3_10_all_star_silver,10,ground_force_3_session_count,mechanics_gf_3_10_all_star_silver.png,png
mechanics,gf_1_20,all_star,gold,mechanics_gf_1_20_all_star_gold,20,ground_force_1_session_count,mechanics_gf_1_20_all_star_gold.png,png
mechanics,gf_2_20,all_star,gold,mechanics_gf_2_20_all_star_gold,20,ground_force_2_session_count,mechanics_gf_2_20_all_star_gold.png,png
mechanics,gf_3_20,all_star,gold,mechanics_gf_3_20_all_star_gold,20,ground_force_3_session_count,mechanics_gf_3_20_all_star_gold.png,png
,,,,,,,,
mechanics,gf_1_5,pro,bronze,mechanics_gf_1_5_pro_bronze,5,ground_force_1_session_count,mechanics_gf_1_5_pro_bronze.png,png
mechanics,gf_2_5,pro,bronze,mechanics_gf_2_5_pro_bronze,5,ground_force_2_session_count,mechanics_gf_2_5_pro_bronze.png,png
mechanics,gf_3_5,pro,bronze,mechanics_gf_3_5_pro_bronze,5,ground_force_3_session_count,mechanics_gf_3_5_pro_bronze.png,png
mechanics,gf_1_10,pro,silver,mechanics_gf_1_10_pro_silver,10,ground_force_1_session_count,mechanics_gf_1_10_pro_silver.png,png
mechanics,gf_2_10,pro,silver,mechanics_gf_2_10_pro_silver,10,ground_force_2_session_count,mechanics_gf_2_10_pro_silver.png,png
mechanics,gf_3_10,pro,silver,mechanics_gf_3_10_pro_silver,10,ground_force_3_session_count,mechanics_gf_3_10_pro_silver.png,png
mechanics,gf_1_20,pro,gold,mechanics_gf_1_20_pro_gold,20,ground_force_1_session_count,mechanics_gf_1_20_pro_gold.png,png
mechanics,gf_2_20,pro,gold,mechanics_gf_2_20_pro_gold,20,ground_force_2_session_count,mechanics_gf_2_20_pro_gold.png,png
mechanics,gf_3_20,pro,gold,mechanics_gf_3_20_pro_gold,20,ground_force_3_session_count,mechanics_gf_3_20_pro_gold.png,png
,,,,,,,,
mechanics,gf_1_5,softball,bronze,mechanics_gf_1_5_softball_bronze,5,ground_force_1_session_count,mechanics_gf_1_5_softball_bronze.png,png
mechanics,gf_2_5,softball,bronze,mechanics_gf_2_5_softball_bronze,5,ground_force_2_session_count,mechanics_gf_2_5_softball_bronze.png,png
mechanics,gf_3_5,softball,bronze,mechanics_gf_3_5_softball_bronze,5,ground_force_3_session_count,mechanics_gf_3_5_softball_bronze.png,png
mechanics,gf_1_10,softball,silver,mechanics_gf_1_10_softball_silver,10,ground_force_1_session_count,mechanics_gf_1_10_softball_silver.png,png
mechanics,gf_2_10,softball,silver,mechanics_gf_2_10_softball_silver,10,ground_force_2_session_count,mechanics_gf_2_10_softball_silver.png,png
mechanics,gf_3_10,softball,silver,mechanics_gf_3_10_softball_silver,10,ground_force_3_session_count,mechanics_gf_3_10_softball_silver.png,png
mechanics,gf_1_20,softball,gold,mechanics_gf_1_20_softball_gold,20,ground_force_1_session_count,mechanics_gf_1_20_softball_gold.png,png
mechanics,gf_2_20,softball,gold,mechanics_gf_2_20_softball_gold,20,ground_force_2_session_count,mechanics_gf_2_20_softball_gold.png,png
mechanics,gf_3_20,softball,gold,mechanics_gf_3_20_softball_gold,20,ground_force_3_session_count,mechanics_gf_3_20_softball_gold.png,png
,,,,,,,,
mechanics,s_1_5,youth,bronze,mechanics_s_1_5_youth_bronze,5,sequencing_1_session_count,mechanics_s_1_5_youth_bronze.png,png
mechanics,s_2_5,youth,bronze,mechanics_s_2_5_youth_bronze,5,sequencing_2_session_count,mechanics_s_2_5_youth_bronze.png,png
mechanics,s_1_10,youth,silver,mechanics_s_1_10_youth_silver,10,sequencing_1_session_count,mechanics_s_1_10_youth_silver.png,png
mechanics,s_2_10,youth,silver,mechanics_s_2_10_youth_silver,10,sequencing_2_session_count,mechanics_s_2_10_youth_silver.png,png
mechanics,s_1_20,youth,gold,mechanics_s_1_20_youth_gold,20,sequencing_1_session_count,mechanics_s_1_20_youth_gold.png,png
mechanics,s_2_20,youth,gold,mechanics_s_2_20_youth_gold,20,sequencing_2_session_count,mechanics_s_2_20_youth_gold.png,png
,,,,,,,,
mechanics,s_1_5,all_star,bronze,mechanics_s_1_5_all_star_bronze,5,sequencing_1_session_count,mechanics_s_1_5_all_star_bronze.png,png
mechanics,s_2_5,all_star,bronze,mechanics_s_2_5_all_star_bronze,5,sequencing_2_session_count,mechanics_s_2_5_all_star_bronze.png,png
mechanics,s_1_10,all_star,silver,mechanics_s_1_10_all_star_silver,10,sequencing_1_session_count,mechanics_s_1_10_all_star_silver.png,png
mechanics,s_2_10,all_star,silver,mechanics_s_2_10_all_star_silver,10,sequencing_2_session_count,mechanics_s_2_10_all_star_silver.png,png
mechanics,s_1_20,all_star,gold,mechanics_s_1_20_all_star_gold,20,sequencing_1_session_count,mechanics_s_1_20_all_star_gold.png,png
mechanics,s_2_20,all_star,gold,mechanics_s_2_20_all_star_gold,20,sequencing_2_session_count,mechanics_s_2_20_all_star_gold.png,png
,,,,,,,,
mechanics,s_1_5,pro,bronze,mechanics_s_1_5_pro_bronze,5,sequencing_1_session_count,mechanics_s_1_5_pro_bronze.png,png
mechanics,s_2_5,pro,bronze,mechanics_s_2_5_pro_bronze,5,sequencing_2_session_count,mechanics_s_2_5_pro_bronze.png,png
mechanics,s_1_10,pro,silver,mechanics_s_1_10_pro_silver,10,sequencing_1_session_count,mechanics_s_1_10_pro_silver.png,png
mechanics,s_2_10,pro,silver,mechanics_s_2_10_pro_silver,10,sequencing_2_session_count,mechanics_s_2_10_pro_silver.png,png
mechanics,s_1_20,pro,gold,mechanics_s_1_20_pro_gold,20,sequencing_1_session_count,mechanics_s_1_20_pro_gold.png,png
mechanics,s_2_20,pro,gold,mechanics_s_2_20_pro_gold,20,sequencing_2_session_count,mechanics_s_2_20_pro_gold.png,png
,,,,,,,,
mechanics,s_1_5,softball,bronze,mechanics_s_1_5_softball_bronze,5,sequencing_1_session_count,mechanics_s_1_5_softball_bronze.png,png
mechanics,s_2_5,softball,bronze,mechanics_s_2_5_softball_bronze,5,sequencing_2_session_count,mechanics_s_2_5_softball_bronze.png,png
mechanics,s_1_10,softball,silver,mechanics_s_1_10_softball_silver,10,sequencing_1_session_count,mechanics_s_1_10_softball_silver.png,png
mechanics,s_2_10,softball,silver,mechanics_s_2_10_softball_silver,10,sequencing_2_session_count,mechanics_s_2_10_softball_silver.png,png
mechanics,s_1_20,softball,gold,mechanics_s_1_20_softball_gold,20,sequencing_1_session_count,mechanics_s_1_20_softball_gold.png,png
mechanics,s_2_20,softball,gold,mechanics_s_2_20_softball_gold,20,sequencing_2_session_count,mechanics_s_2_20_softball_gold.png,png
,,,,,,,,
mechanics,bd_5,youth,bronze,mechanics_bd_5_youth_bronze,5,bat_delivery_session_count,mechanics_bd_5_youth_bronze.png,png
mechanics,bd_10,youth,silver,mechanics_bd_10_youth_silver,10,bat_delivery_session_count,mechanics_bd_10_youth_silver.png,png
mechanics,bd_20,youth,gold,mechanics_bd_20_youth_gold,20,bat_delivery_session_count,mechanics_bd_20_youth_gold.png,png
,,,,,,,,
mechanics,bd_5,all_star,bronze,mechanics_bd_5_all_star_bronze,5,bat_delivery_session_count,mechanics_bd_5_all_star_bronze.png,png
mechanics,bd_10,all_star,silver,mechanics_bd_10_all_star_silver,10,bat_delivery_session_count,mechanics_bd_10_all_star_silver.png,png
mechanics,bd_20,all_star,gold,mechanics_bd_20_all_star_gold,20,bat_delivery_session_count,mechanics_bd_20_all_star_gold.png,png
,,,,,,,,
mechanics,bd_5,pro,bronze,mechanics_bd_5_pro_bronze,5,bat_delivery_session_count,mechanics_bd_5_pro_bronze.png,png
mechanics,bd_10,pro,silver,mechanics_bd_10_pro_silver,10,bat_delivery_session_count,mechanics_bd_10_pro_silver.png,png
mechanics,bd_20,pro,gold,mechanics_bd_20_pro_gold,20,bat_delivery_session_count,mechanics_bd_20_pro_gold.png,png
,,,,,,,,
mechanics,bd_5,softball,bronze,mechanics_bd_5_softball_bronze,5,bat_delivery_session_count,mechanics_bd_5_softball_bronze.png,png
mechanics,bd_10,softball,silver,mechanics_bd_10_softball_silver,10,bat_delivery_session_count,mechanics_bd_10_softball_silver.png,png
mechanics,bd_20,softball,gold,mechanics_bd_20_softball_gold,20,bat_delivery_session_count,mechanics_bd_20_softball_gold.png,png
,,,,,,,,
warm_up,dwu_1,youth,bronze,warm_up_dwu_1_youth_bronze,1,dynamic_session_count,warm_up_dwu_1_youth_bronze.png,png
warm_up,dwu_25,youth,silver,warm_up_dwu_25_youth_silver,25,dynamic_session_count,warm_up_dwu_25_youth_silver.png,png
warm_up,dwu_50,youth,gold,warm_up_dwu_50_youth_gold,50,dynamic_session_count,warm_up_dwu_50_youth_gold.png,png
,,,,,,,,
warm_up,dwu_1,all_star,bronze,warm_up_dwu_1_all_star_bronze,1,dynamic_session_count,warm_up_dwu_1_all_star_bronze.png,png
warm_up,dwu_25,all_star,silver,warm_up_dwu_25_all_star_silver,25,dynamic_session_count,warm_up_dwu_25_all_star_silver.png,png
warm_up,dwu_50,all_star,gold,warm_up_dwu_50_all_star_gold,50,dynamic_session_count,warm_up_dwu_50_all_star_gold.png,png
,,,,,,,,
warm_up,dwu_1,pro,bronze,warm_up_dwu_1_pro_bronze,1,dynamic_session_count,warm_up_dwu_1_pro_bronze.png,png
warm_up,dwu_25,pro,silver,warm_up_dwu_25_pro_silver,25,dynamic_session_count,warm_up_dwu_25_pro_silver.png,png
warm_up,dwu_50,pro,gold,warm_up_dwu_50_pro_gold,50,dynamic_session_count,warm_up_dwu_50_pro_gold.png,png
,,,,,,,,
warm_up,dwu_1,softball,bronze,warm_up_dwu_1_softball_bronze,1,dynamic_session_count,warm_up_dwu_1_softball_bronze.png,png
warm_up,dwu_25,softball,silver,warm_up_dwu_25_softball_silver,25,dynamic_session_count,warm_up_dwu_25_softball_silver.png,png
warm_up,dwu_50,softball,gold,warm_up_dwu_50_softball_gold,50,dynamic_session_count,warm_up_dwu_50_softball_gold.png,png
,,,,,,,,
exit_velo,eva_1_1,youth,silver,exit_velo_eva_1_1_youth_silver,1,exit_velo_application_1_session_count,exit_velo_eva_1_1_youth_silver.png,png
exit_velo,eva_1_10,youth,gold,exit_velo_eva_1_10_youth_gold,10,exit_velo_application_1_session_count,exit_velo_eva_1_10_youth_gold.png,png
exit_velo,eva_2_1,youth,silver,exit_velo_eva_2_1_youth_silver,1,exit_velo_application_2_session_count,exit_velo_eva_2_1_youth_silver.png,png
exit_velo,eva_2_10,youth,gold,exit_velo_eva_2_10_youth_gold,10,exit_velo_application_2_session_count,exit_velo_eva_2_10_youth_gold.png,png
exit_velo,eva_3_1,youth,silver,exit_velo_eva_3_1_youth_silver,1,exit_velo_application_3_session_count,exit_velo_eva_3_1_youth_silver.png,png
exit_velo,eva_3_10,youth,gold,exit_velo_eva_3_10_youth_gold,10,exit_velo_application_3_session_count,exit_velo_eva_3_10_youth_gold.png,png
,,,,,,,,
exit_velo,eva_1_1,all_star,silver,exit_velo_eva_1_1_all_star_silver,1,exit_velo_application_1_session_count,exit_velo_eva_1_1_all_star_silver.png,png
exit_velo,eva_1_10,all_star,gold,exit_velo_eva_1_10_all_star_gold,10,exit_velo_application_1_session_count,exit_velo_eva_1_10_all_star_gold.png,png
exit_velo,eva_2_1,all_star,silver,exit_velo_eva_2_1_all_star_silver,1,exit_velo_application_2_session_count,exit_velo_eva_2_1_all_star_silver.png,png
exit_velo,eva_2_10,all_star,gold,exit_velo_eva_2_10_all_star_gold,10,exit_velo_application_2_session_count,exit_velo_eva_2_10_all_star_gold.png,png
exit_velo,eva_3_1,all_star,silver,exit_velo_eva_3_1_all_star_silver,1,exit_velo_application_3_session_count,exit_velo_eva_3_1_all_star_silver.png,png
exit_velo,eva_3_10,all_star,gold,exit_velo_eva_3_10_all_star_gold,10,exit_velo_application_3_session_count,exit_velo_eva_3_10_all_star_gold.png,png
,,,,,,,,
exit_velo,eva_1_1,pro,silver,exit_velo_eva_1_1_pro_silver,1,exit_velo_application_1_session_count,exit_velo_eva_1_1_pro_silver.png,png
exit_velo,eva_1_10,pro,gold,exit_velo_eva_1_10_pro_gold,10,exit_velo_application_1_session_count,exit_velo_eva_1_10_pro_gold.png,png
exit_velo,eva_2_1,pro,silver,exit_velo_eva_2_1_pro_silver,1,exit_velo_application_2_session_count,exit_velo_eva_2_1_pro_silver.png,png
exit_velo,eva_2_10,pro,gold,exit_velo_eva_2_10_pro_gold,10,exit_velo_application_2_session_count,exit_velo_eva_2_10_pro_gold.png,png
exit_velo,eva_3_1,pro,silver,exit_velo_eva_3_1_pro_silver,1,exit_velo_application_3_session_count,exit_velo_eva_3_1_pro_silver.png,png
exit_velo,eva_3_10,pro,gold,exit_velo_eva_3_10_pro_gold,10,exit_velo_application_3_session_count,exit_velo_eva_3_10_pro_gold.png,png
,,,,,,,,
exit_velo,eva_1_1,softball,silver,exit_velo_eva_1_1_softball_silver,1,exit_velo_application_1_session_count,exit_velo_eva_1_1_softball_silver.png,png
exit_velo,eva_1_10,softball,gold,exit_velo_eva_1_10_softball_gold,10,exit_velo_application_1_session_count,exit_velo_eva_1_10_softball_gold.png,png
exit_velo,eva_2_1,softball,silver,exit_velo_eva_2_1_softball_silver,1,exit_velo_application_2_session_count,exit_velo_eva_2_1_softball_silver.png,png
exit_velo,eva_2_10,softball,gold,exit_velo_eva_2_10_softball_gold,10,exit_velo_application_2_session_count,exit_velo_eva_2_10_softball_gold.png,png
exit_velo,eva_3_1,softball,silver,exit_velo_eva_3_1_softball_silver,1,exit_velo_application_3_session_count,exit_velo_eva_3_1_softball_silver.png,png
exit_velo,eva_3_10,softball,gold,exit_velo_eva_3_10_softball_gold,10,exit_velo_application_3_session_count,exit_velo_eva_3_10_softball_gold.png,png
,,,,,,,,
gains,bs_3_mph,youth,bronze,gains_bs_3_mph_youth_bronze,3%,bat_speed_percent_gain,gains_bs_3_mph_youth_bronze.png,png
gains,bs_5_mph,youth,silver,gains_bs_5_mph_youth_silver,5%,bat_speed_percent_gain,gains_bs_5_mph_youth_silver.png,png
gains,bs_7_mph,youth,gold,gains_bs_7_mph_youth_gold,7%,bat_speed_percent_gain,gains_bs_7_mph_youth_gold.png,png
gains,bs_10_mph,youth,velo,gains_bs_10_mph_youth_velo,10%,bat_speed_percent_gain,gains_bs_10_mph_youth_velo.png,png
,,,,,,,,
gains,bs_3_mph,all_star,bronze,gains_bs_3_mph_all_star_bronze,3%,bat_speed_percent_gain,gains_bs_3_mph_all_star_bronze.png,png
gains,bs_5_mph,all_star,silver,gains_bs_5_mph_all_star_silver,5%,bat_speed_percent_gain,gains_bs_5_mph_all_star_silver.png,png
gains,bs_7_mph,all_star,gold,gains_bs_7_mph_all_star_gold,7%,bat_speed_percent_gain,gains_bs_7_mph_all_star_gold.png,png
gains,bs_10_mph,all_star,velo,gains_bs_10_mph_all_star_velo,10%,bat_speed_percent_gain,gains_bs_10_mph_all_star_velo.png,png
,,,,,,,,
gains,bs_3_mph,pro,bronze,gains_bs_3_mph_pro_bronze,3%,bat_speed_percent_gain,gains_bs_3_mph_pro_bronze.png,png
gains,bs_5_mph,pro,silver,gains_bs_5_mph_pro_silver,5%,bat_speed_percent_gain,gains_bs_5_mph_pro_silver.png,png
gains,bs_7_mph,pro,gold,gains_bs_7_mph_pro_gold,7%,bat_speed_percent_gain,gains_bs_7_mph_pro_gold.png,png
gains,bs_10_mph,pro,velo,gains_bs_10_mph_pro_velo,10%,bat_speed_percent_gain,gains_bs_10_mph_pro_velo.png,png
,,,,,,,,
gains,bs_3_mph,softball,bronze,gains_bs_3_mph_softball_bronze,3%,bat_speed_percent_gain,gains_bs_3_mph_softball_bronze.png,png
gains,bs_5_mph,softball,silver,gains_bs_5_mph_softball_silver,5%,bat_speed_percent_gain,gains_bs_5_mph_softball_silver.png,png
gains,bs_7_mph,softball,gold,gains_bs_7_mph_softball_gold,7%,bat_speed_percent_gain,gains_bs_7_mph_softball_gold.png,png
gains,bs_10_mph,softball,velo,gains_bs_10_mph_softball_velo,10%,bat_speed_percent_gain,gains_bs_10_mph_softball_velo.png,png
,,,,,,,,
gains,ev_3_mph,youth,bronze,gains_ev_3_mph_youth_bronze,3%,exit_velo_percent_gain,gains_ev_3_mph_youth_bronze.png,png
gains,ev_5_mph,youth,silver,gains_ev_5_mph_youth_silver,5%,exit_velo_percent_gain,gains_ev_5_mph_youth_silver.png,png
gains,ev_7_mph,youth,gold,gains_ev_7_mph_youth_gold,7%,exit_velo_percent_gain,gains_ev_7_mph_youth_gold.png,png
gains,ev_10_mph,youth,velo,gains_ev_10_mph_youth_velo,10%,exit_velo_percent_gain,gains_ev_10_mph_youth_velo.png,png
,,,,,,,,
gains,ev_3_mph,all_star,bronze,gains_ev_3_mph_all_star_bronze,3%,exit_velo_percent_gain,gains_ev_3_mph_all_star_bronze.png,png
gains,ev_5_mph,all_star,silver,gains_ev_5_mph_all_star_silver,5%,exit_velo_percent_gain,gains_ev_5_mph_all_star_silver.png,png
gains,ev_7_mph,all_star,gold,gains_ev_7_mph_all_star_gold,7%,exit_velo_percent_gain,gains_ev_7_mph_all_star_gold.png,png
gains,ev_10_mph,all_star,velo,gains_ev_10_mph_all_star_velo,10%,exit_velo_percent_gain,gains_ev_10_mph_all_star_velo.png,png
,,,,,,,,
gains,ev_3_mph,pro,bronze,gains_ev_3_mph_pro_bronze,3%,exit_velo_percent_gain,gains_ev_3_mph_pro_bronze.png,png
gains,ev_5_mph,pro,silver,gains_ev_5_mph_pro_silver,5%,exit_velo_percent_gain,gains_ev_5_mph_pro_silver.png,png
gains,ev_7_mph,pro,gold,gains_ev_7_mph_pro_gold,7%,exit_velo_percent_gain,gains_ev_7_mph_pro_gold.png,png
gains,ev_10_mph,pro,velo,gains_ev_10_mph_pro_velo,10%,exit_velo_percent_gain,gains_ev_10_mph_pro_velo.png,png
,,,,,,,,
gains,ev_3_mph,softball,bronze,gains_ev_3_mph_softball_bronze,3%,exit_velo_percent_gain,gains_ev_3_mph_softball_bronze.png,png
gains,ev_5_mph,softball,silver,gains_ev_5_mph_softball_silver,5%,exit_velo_percent_gain,gains_ev_5_mph_softball_silver.png,png
gains,ev_7_mph,softball,gold,gains_ev_7_mph_softball_gold,7%,exit_velo_percent_gain,gains_ev_7_mph_softball_gold.png,png
gains,ev_10_mph,softball,velo,gains_ev_10_mph_softball_velo,10%,exit_velo_percent_gain,gains_ev_10_mph_softball_velo.png,png
,,,,,,,,
special,non_dom_20,youth,bronze,special_non_dom_20_youth_bronze,20%,non_dom_vs_dom_difference_percent,special_non_dom_20_youth_bronze.png,png
special,non_dom_10,youth,silver,special_non_dom_10_youth_silver,10%,non_dom_vs_dom_difference_percent,special_non_dom_10_youth_silver.png,png
special,non_dom_5,youth,gold,special_non_dom_5_youth_gold,5%,non_dom_vs_dom_difference_percent,special_non_dom_5_youth_gold.png,png
special,non_dom_1,youth,plat,special_non_dom_1_youth_plat,1%,non_dom_vs_dom_difference_percent,special_non_dom_1_youth_plat.png,png
,,,,,,,,
special,non_dom_20,all_star,bronze,special_non_dom_20_all_star_bronze,20%,non_dom_vs_dom_difference_percent,special_non_dom_20_all_star_bronze.png,png
special,non_dom_10,all_star,silver,special_non_dom_10_all_star_silver,10%,non_dom_vs_dom_difference_percent,special_non_dom_10_all_star_silver.png,png
special,non_dom_5,all_star,gold,special_non_dom_5_all_star_gold,5%,non_dom_vs_dom_difference_percent,special_non_dom_5_all_star_gold.png,png
special,non_dom_1,all_star,plat,special_non_dom_1_all_star_plat,1%,non_dom_vs_dom_difference_percent,special_non_dom_1_all_star_plat.png,png
,,,,,,,,
special,non_dom_20,pro,bronze,special_non_dom_20_pro_bronze,20%,non_dom_vs_dom_difference_percent,special_non_dom_20_pro_bronze.png,png
special,non_dom_10,pro,silver,special_non_dom_10_pro_silver,10%,non_dom_vs_dom_difference_percent,special_non_dom_10_pro_silver.png,png
special,non_dom_5,pro,gold,special_non_dom_5_pro_gold,5%,non_dom_vs_dom_difference_percent,special_non_dom_5_pro_gold.png,png
special,non_dom_1,pro,plat,special_non_dom_1_pro_plat,1%,non_dom_vs_dom_difference_percent,special_non_dom_1_pro_plat.png,png
,,,,,,,,
special,non_dom_20,softball,bronze,special_non_dom_20_softball_bronze,20%,non_dom_vs_dom_difference_percent,special_non_dom_20_softball_bronze.png,png
special,non_dom_10,softball,silver,special_non_dom_10_softball_silver,10%,non_dom_vs_dom_difference_percent,special_non_dom_10_softball_silver.png,png
special,non_dom_5,softball,gold,special_non_dom_5_softball_gold,5%,non_dom_vs_dom_difference_percent,special_non_dom_5_softball_gold.png,png
special,non_dom_1,softball,plat,special_non_dom_1_softball_plat,1%,non_dom_vs_dom_difference_percent,special_non_dom_1_softball_plat.png,png
,,,,,,,,
velobat,bb_10,youth,bronze,velobat_bb_10_youth_bronze,10%,velo_bat_base_bat_percent_above_game_bat,velobat_bb_10_youth_bronze.png,png
velobat,bb_15,youth,silver,velobat_bb_15_youth_silver,15%,velo_bat_base_bat_percent_above_game_bat,velobat_bb_15_youth_silver.png,png
velobat,bb_20,youth,gold,velobat_bb_20_youth_gold,20%,velo_bat_base_bat_percent_above_game_bat,velobat_bb_20_youth_gold.png,png
velobat,gs_5,youth,bronze,velobat_gs_5_youth_bronze,5%,velo_bat_green_sleeve_percent_above_game_bat,velobat_gs_5_youth_bronze.png,png
velobat,gs_10,youth,silver,velobat_gs_10_youth_silver,10%,velo_bat_green_sleeve_percent_above_game_bat,velobat_gs_10_youth_silver.png,png
velobat,gs_15,youth,gold,velobat_gs_15_youth_gold,15%,velo_bat_green_sleeve_percent_above_game_bat,velobat_gs_15_youth_gold.png,png
velobat,fl_2,youth,bronze,velobat_fl_2_youth_bronze,2%,velo_bat_fl_percent_above_game_bat,velobat_fl_2_youth_bronze.png,png
velobat,fl_5,youth,silver,velobat_fl_5_youth_silver,5%,velo_bat_fl_percent_above_game_bat,velobat_fl_5_youth_silver.png,png
velobat,fl_8,youth,gold,velobat_fl_8_youth_gold,8%,velo_bat_fl_percent_above_game_bat,velobat_fl_8_youth_gold.png,png
,,,,,,,,
velobat,bb_10,all_star,bronze,velobat_bb_10_all_star_bronze,10%,velo_bat_base_bat_percent_above_game_bat,velobat_bb_10_all_star_bronze.png,png
velobat,bb_15,all_star,silver,velobat_bb_15_all_star_silver,15%,velo_bat_base_bat_percent_above_game_bat,velobat_bb_15_all_star_silver.png,png
velobat,bb_20,all_star,gold,velobat_bb_20_all_star_gold,20%,velo_bat_base_bat_percent_above_game_bat,velobat_bb_20_all_star_gold.png,png
velobat,gs_5,all_star,bronze,velobat_gs_5_all_star_bronze,5%,velo_bat_green_sleeve_percent_above_game_bat,velobat_gs_5_all_star_bronze.png,png
velobat,gs_10,all_star,silver,velobat_gs_10_all_star_silver,10%,velo_bat_green_sleeve_percent_above_game_bat,velobat_gs_10_all_star_silver.png,png
velobat,gs_15,all_star,gold,velobat_gs_15_all_star_gold,15%,velo_bat_green_sleeve_percent_above_game_bat,velobat_gs_15_all_star_gold.png,png
velobat,fl_2,all_star,bronze,velobat_fl_2_all_star_bronze,2%,velo_bat_fl_percent_above_game_bat,velobat_fl_2_all_star_bronze.png,png
velobat,fl_5,all_star,silver,velobat_fl_5_all_star_silver,5%,velo_bat_fl_percent_above_game_bat,velobat_fl_5_all_star_silver.png,png
velobat,fl_8,all_star,gold,velobat_fl_8_all_star_gold,8%,velo_bat_fl_percent_above_game_bat,velobat_fl_8_all_star_gold.png,png
,,,,,,,,
velobat,bb_10,pro,bronze,velobat_bb_10_pro_bronze,10%,velo_bat_base_bat_percent_above_game_bat,velobat_bb_10_pro_bronze.png,png
velobat,bb_15,pro,silver,velobat_bb_15_pro_silver,15%,velo_bat_base_bat_percent_above_game_bat,velobat_bb_15_pro_silver.png,png
velobat,bb_20,pro,gold,velobat_bb_20_pro_gold,20%,velo_bat_base_bat_percent_above_game_bat,velobat_bb_20_pro_gold.png,png
velobat,gs_5,pro,bronze,velobat_gs_5_pro_bronze,5%,velo_bat_green_sleeve_percent_above_game_bat,velobat_gs_5_pro_bronze.png,png
velobat,gs_10,pro,silver,velobat_gs_10_pro_silver,10%,velo_bat_green_sleeve_percent_above_game_bat,velobat_gs_10_pro_silver.png,png
velobat,gs_15,pro,gold,velobat_gs_15_pro_gold,15%,velo_bat_green_sleeve_percent_above_game_bat,velobat_gs_15_pro_gold.png,png
velobat,fl_2,pro,bronze,velobat_fl_2_pro_bronze,2%,velo_bat_fl_percent_above_game_bat,velobat_fl_2_pro_bronze.png,png
velobat,fl_5,pro,silver,velobat_fl_5_pro_silver,5%,velo_bat_fl_percent_above_game_bat,velobat_fl_5_pro_silver.png,png
velobat,fl_8,pro,gold,velobat_fl_8_pro_gold,8%,velo_bat_fl_percent_above_game_bat,velobat_fl_8_pro_gold.png,png
,,,,,,,,
velobat,bb_10,softball,bronze,velobat_bb_10_softball_bronze,10%,velo_bat_base_bat_percent_above_game_bat,velobat_bb_10_softball_bronze.png,png
velobat,bb_15,softball,silver,velobat_bb_15_softball_silver,15%,velo_bat_base_bat_percent_above_game_bat,velobat_bb_15_softball_silver.png,png
velobat,bb_20,softball,gold,velobat_bb_20_softball_gold,20%,velo_bat_base_bat_percent_above_game_bat,velobat_bb_20_softball_gold.png,png
velobat,gs_5,softball,bronze,velobat_gs_5_softball_bronze,5%,velo_bat_green_sleeve_percent_above_game_bat,velobat_gs_5_softball_bronze.png,png
velobat,gs_10,softball,silver,velobat_gs_10_softball_silver,10%,velo_bat_green_sleeve_percent_above_game_bat,velobat_gs_10_softball_silver.png,png
velobat,gs_15,softball,gold,velobat_gs_15_softball_gold,15%,velo_bat_green_sleeve_percent_above_game_bat,velobat_gs_15_softball_gold.png,png
velobat,fl_2,softball,bronze,velobat_fl_2_softball_bronze,2%,velo_bat_fl_percent_above_game_bat,velobat_fl_2_softball_bronze.png,png
velobat,fl_5,softball,silver,velobat_fl_5_softball_silver,5%,velo_bat_fl_percent_above_game_bat,velobat_fl_5_softball_silver.png,png
velobat,fl_8,softball,gold,velobat_fl_8_softball_gold,8%,velo_bat_fl_percent_above_game_bat,velobat_fl_8_softball_gold.png,png
,,,,,,,,
special,join_team,youth,standard,special_join_team_youth_standard,player accepts a team invite,join_team,special_join_team_youth_standard.png,png
special,com_profile,youth,standard,special_com_profile_youth_standard,player completes their profile,complete_profile,special_com_profile_youth_standard.png,png
,,,,,,,,
special,join_team,all_star,standard,special_join_team_all_star_standard,player accepts a team invite,join_team,special_join_team_all_star_standard.png,png
special,com_profile,all_star,standard,special_com_profile_all_star_standard,player completes their profile,complete_profile,special_com_profile_all_star_standard.png,png
,,,,,,,,
special,join_team,pro,standard,special_join_team_pro_standard,player accepts a team invite,join_team,special_join_team_pro_standard.png,png
special,com_profile,pro,standard,special_com_profile_pro_standard,player completes their profile,complete_profile,special_com_profile_pro_standard.png,png
,,,,,,,,
special,join_team,softball,standard,special_join_team_softball_standard,player accepts a team invite,join_team,special_join_team_softball_standard.png,png
special,com_profile,softball,standard,special_com_profile_softball_standard,player completes their profile,complete_profile,special_com_profile_softball_standard.png,png